Country Name,Year,GDP Per Capita (USD),Life Satisfaction (0-10)
Liechtenstein,2020,175814,7.8
Monaco,2020,173688,7.8
Luxembourg,2020,116356,7.4
Bermuda,2020,107079,7.3
Switzerland,2020,87097,7.6
Ireland,2020,85268,7.1
Norway,2020,67329,7.4
United States,2020,63530,6.9
Denmark,2020,61063,7.6
Singapore,2020,60729,6.4
Iceland,2020,59261,7.6
Australia,2020,52820,7.1
Netherlands,2020,52397,7.4
Sweden,2020,52259,7.4
Finland,2020,49206,7.8
Austria,2020,48588,7.2
Germany,2020,46750,7.2
Belgium,2020,45229,6.8
Canada,2020,43258,7
New Zealand,2020,41441,7.3
United Kingdom,2020,41059,6.8
Japan,2020,40048,6.1
France,2020,39030,6.7
United Arab Emirates,2020,36285,6.6
Puerto Rico,2020,33372,6.5
Italy,2020,31820,6.5
South Korea,2020,31721,5.8
Cyprus,2020,28148,6.2
Malta,2020,28001,6.5
Spain,2020,27063,6.5
Estonia,2020,23020,6.5
Czechia,2020,22934,6.9
Portugal,2020,22176,5.9
Lithuania,2020,20200,6.4
Saudi Arabia,2020,20110,6.5
Slovakia,2020,19264,6.5
Latvia,2020,17726,6.2
Greece,2020,17619,5.7
Hungary,2020,16142,6
Poland,2020,15721,6.1
Uruguay,2020,15438,6.4
Croatia,2020,14132,6
Chile,2020,13232,6.2
Romania,2020,12896,6.1
Panama,2020,12269,6.2
Costa Rica,2020,12141,7.1
China,2020,10567,5.3
Malaysia,2020,10402,5.7
Russia,2020,10127,5.5
Bulgaria,2020,10085,5.1
Kazakhstan,2020,9121,6.2
Argentina,2020,8572,5.9
Turkey,2020,8538,4.9
Mexico,2020,8507,6.3
Thailand,2020,7187,6
Brazil,2020,6797,6.1
Peru,2020,6127,5.8
Ecuador,2020,5600,5.3
South Africa,2020,5656,4.9
Colombia,2020,5335,5.7
Ukraine,2020,3727,5
Egypt,2020,3569,4.3
Vietnam,2020,3552,5.4
Philippines,2020,3299,5.1
Morocco,2020,3009,4.9
India,2020,1913,4.2
Nigeria,2020,2097,4.7
Bangladesh,2020,2233,5.2
Kenya,2020,1838,4.6
Pakistan,2020,1194,4.4
Ethiopia,2020,936,4.5
